{
  "test/integration/pages/RisksObjectPage.js.map": 1754073902035,
  "test/integration/pages/RisksObjectPage.js": 1754001230092,
  "test/integration/pages/RisksList.js": 1754001230080,
  "test/integration/opaTests.qunit.js": 1754001230052,
  "test/integration/FirstJourney.js": 1754001230080,
  "test/testsuite.qunit.js": 1754001230040,
  "xs-app.json": 1754073890852,
  "manifest.json": 1754073890868,
  "Component.js": 1754001230000,
  "test/integration/FirstJourney-dbg.js": 1754001230080,
  "test/integration/FirstJourney.js.map": 1754073902035,
  "test/integration/pages/RisksList-dbg.js": 1754001230080,
  "test/integration/pages/RisksList.js.map": 1754073902032,
  "test/integration/opaTests.qunit-dbg.js": 1754001230052,
  "test/integration/opaTests.qunit.js.map": 1754073902033,
  "test/integration/pages/RisksObjectPage-dbg.js": 1754001230092,
  "i18n/i18n.properties": 1754001249376,
  "test/testsuite.qunit-dbg.js": 1754001230040,
  "test/testsuite.qunit.js.map": 1754073902035,
  "Component-dbg.js": 1754001230000,
  "Component.js.map": 1754073902035,
  "Component-preload.js": 1754073902255,
  "Component-preload.js.map": 1754073902255,
  "test/integration/opaTests.qunit.html": 1754001230052,
  "test/testsuite.qunit.html": 1754001230032,
  "test/flpSandbox.html": 1754001230032,
  "index.html": 1754001230000
}